Spotify URI,Title,Album,Artist(s),Submitter ID,Created,Comment,Round ID,Visible To Voters
spotify:track:0j3QN4uiMdf8gI12JATZ9B,You've Lost That Lovin' Feeling,Voices,Daryl Hall & John Oates,d994f48c4cee4e7190129a4e23c37ba4,2024-07-25T03:35:14Z,Top Gun baby,a92df4a79a5c4c8387618f2860c7b24b,Yes
spotify:track:0mBL2JwjNYKtdFacHxvtJt,"I'm A Believer - From ""Shrek"" Motion Picture Soundtrack",Shrek,Smash Mouth,4d224c85483b4c4381c7121c3973a84f,2024-07-23T05:23:26Z,,a92df4a79a5c4c8387618f2860c7b24b,Yes
spotify:track:0RiRZpuVRbi7oqRdSMwhQY,Sunflower - Spider-Man: Into the Spider-Verse,Hollywood's Bleeding,"Post Malone, Swae Lee",5386dc3d7c61409e91f87bb5c0593d59,2024-07-25T01:49:59Z,,a92df4a79a5c4c8387618f2860c7b24b,No
spotify:track:33LC84JgLvK2KuW43MfaNq,"My Heart Will Go On - Love Theme from ""Titanic""",Let's Talk About Love,C√©line Dion,fb5a064490e94e9ea947db8cde7bc9f3,2024-07-24T23:39:20Z,The fact that the bad recorder playing of this song became a meme should speak for itself,a92df4a79a5c4c8387618f2860c7b24b,Yes
spotify:track:3cfOd4CMv2snFaKAnMdnvK,All Star,Astro Lounge,Smash Mouth,64960925d3654633a3c3cc71a78cd073,2024-07-25T03:46:04Z,DON KEH,a92df4a79a5c4c8387618f2860c7b24b,Yes
spotify:track:4DPovSJonVPid3EDSxL9K8,Ê≠å„Çà,Belle (Original Motion Picture Soundtrack),Belle,4d224c85483b4c4381c7121c3973a84f,2024-07-23T05:23:26Z,,a92df4a79a5c4c8387618f2860c7b24b,Yes
spotify:track:4eHbdreAnSOrDDsFfc4Fpm,I Will Always Love You,The Bodyguard - Original Soundtrack Album,Whitney Houston,fb5a064490e94e9ea947db8cde7bc9f3,2024-07-24T23:39:20Z,And EYEEEEEEEE,a92df4a79a5c4c8387618f2860c7b24b,Yes
spotify:track:5ubvP9oKmxLUVq506fgLhk,Stayin Alive,How Can You Mend A Broken Heart,Bee Gees,d994f48c4cee4e7190129a4e23c37ba4,2024-07-25T03:35:14Z,Saturday Night Fever cmonnn,a92df4a79a5c4c8387618f2860c7b24b,Yes
spotify:track:6DaKMsQDmHMJbKYyU7AUFA,One Last Kiss,BAD„É¢„Éº„Éâ,Hikaru Utada,0067913c8633447f84a29db3863f4ae0,2024-07-25T07:59:10Z,,a92df4a79a5c4c8387618f2860c7b24b,Yes
spotify:track:6Ec5LeRzkisa5KJtwLfOoW,"Am I Dreaming (Metro Boomin & A$AP Rocky, Roisee)",METRO BOOMIN PRESENTS SPIDER-MAN: ACROSS THE SPIDER-VERSE (SOUNDTRACK FROM AND INSPIRED BY THE MOTION PICTURE),"Metro Boomin, A$AP Rocky, Roisee",0067913c8633447f84a29db3863f4ae0,2024-07-25T07:59:10Z,,a92df4a79a5c4c8387618f2860c7b24b,Yes
spotify:track:6Qm9MaditCcx5V62rVHYqu,A Thousand Miles,Best Of,Vanessa Carlton,64960925d3654633a3c3cc71a78cd073,2024-07-25T03:46:04Z,"""how did you know? ... I LOVE THIS SONG""",a92df4a79a5c4c8387618f2860c7b24b,Yes
spotify:track:6VObnIkLVruX4UVyxWhlqm,Skyfall,Skyfall,Adele,5386dc3d7c61409e91f87bb5c0593d59,2024-07-25T01:49:59Z,,a92df4a79a5c4c8387618f2860c7b24b,No
spotify:track:0qMip0B2D4ePEjBJvAtYre,Á¥ÖËìÆËèØ,LEO-NiNE,LiSA,64960925d3654633a3c3cc71a78cd073,2024-07-25T22:09:31Z,,a4a09c8753f74a0f9ef38c0c64737dbc,Yes
spotify:track:0VPFT123HKoQ2J6ipeDcI1,Standing Next to You (USHER Remix),Standing Next to You (USHER Remix),"Jung Kook, USHER",fb5a064490e94e9ea947db8cde7bc9f3,2024-07-25T22:24:24Z,One of THEE best songs of the decade AND we got usher on the remix? ,a4a09c8753f74a0f9ef38c0c64737dbc,Yes
spotify:track:1TWNKyNQOBfNUkWWs7FooF,XS,SAWAYAMA,Rina Sawayama,d994f48c4cee4e7190129a4e23c37ba4,2024-07-25T22:33:10Z,,a4a09c8753f74a0f9ef38c0c64737dbc,No
spotify:track:1xzi1Jcr7mEi9K2RfzLOqS,CUFF IT,RENAISSANCE,Beyonc√©,d994f48c4cee4e7190129a4e23c37ba4,2024-07-25T22:33:10Z,,a4a09c8753f74a0f9ef38c0c64737dbc,No
spotify:track:1ZEoYuekZQo62DLFtPVdqT,Waking the Demon,Scream Aim Fire,Bullet For My Valentine,0067913c8633447f84a29db3863f4ae0,2024-07-26T08:03:01Z,,a4a09c8753f74a0f9ef38c0c64737dbc,Yes
spotify:track:2169IKAivSUUFGcedGASXc,16 Shots,16 Shots,Stefflon Don,fb5a064490e94e9ea947db8cde7bc9f3,2024-07-25T22:24:24Z,This song makes me feel like I should be fighting someone when I hear it,a4a09c8753f74a0f9ef38c0c64737dbc,Yes
spotify:track:2MvIMgtWyK88OiPi0J8Dg3,Psychosocial,All Hope Is Gone,Slipknot,4d224c85483b4c4381c7121c3973a84f,2024-07-25T22:31:45Z,,a4a09c8753f74a0f9ef38c0c64737dbc,No
spotify:track:3FI0iAAAjmR31xpZEwbdys,Circle With Me,Eternal Blue,Spiritbox,4d224c85483b4c4381c7121c3973a84f,2024-07-25T22:31:45Z,CUT DOWN THE ALTAR üî•,a4a09c8753f74a0f9ef38c0c64737dbc,No
spotify:track:4rTeOSYqwXNz5qPR2DUTFZ,Everybody (Backstreet's Back) - Radio Edit,This Is The End: Original Motion Picture Soundtrack,Backstreet Boys,5386dc3d7c61409e91f87bb5c0593d59,2024-07-25T22:07:04Z,,a4a09c8753f74a0f9ef38c0c64737dbc,No
spotify:track:54bm2e3tk8cliUz3VSdCPZ,Master of Puppets (Remastered),Master of Puppets (Remastered Deluxe Box Set),Metallica,64960925d3654633a3c3cc71a78cd073,2024-07-25T22:09:31Z,,a4a09c8753f74a0f9ef38c0c64737dbc,Yes
spotify:track:6AI3ezQ4o3HUoP6Dhudph3,Not Like Us,Not Like Us,Kendrick Lamar,5386dc3d7c61409e91f87bb5c0593d59,2024-07-25T22:07:04Z,PROLLY A MINORRRRRRRRRRRRRRRR,a4a09c8753f74a0f9ef38c0c64737dbc,Yes
spotify:track:6QElYAt0RHossldXx3Udv9,Without a Whisper,Heavener,Invent Animate,0067913c8633447f84a29db3863f4ae0,2024-07-26T08:03:01Z,,a4a09c8753f74a0f9ef38c0c64737dbc,Yes
spotify:track:05XukYTsS9JIrzxNeQt05B,Beauty Of Annihilation,Call of Duty: Black Ops ‚Äì Zombies (Original Game Soundtrack),"Elena Siegman, Kevin Sherwood",4d224c85483b4c4381c7121c3973a84f,2024-08-03T04:05:05Z,,e9d6906e5a9043868a7692706d24adba,Yes
spotify:track:0nYDnOeXWsAuV0dqOxXXO5,Sanctuary (Opening),ULTRA BLUE,Utada,fb5a064490e94e9ea947db8cde7bc9f3,2024-08-06T19:49:43Z,,e9d6906e5a9043868a7692706d24adba,Yes
spotify:track:1FpVJ7HpZInE2GvhVE2TwT,Legends Never Die,Legends Never Die,"League of Legends, Against The Current",0067913c8633447f84a29db3863f4ae0,2024-08-06T21:51:51Z,,e9d6906e5a9043868a7692706d24adba,Yes
spotify:track:1r9xUipOqoNwggBpENDsvJ,Enemy (with JID) - from the series Arcane League of Legends,Enemy (with JID) [from the series Arcane League of Legends],"Imagine Dragons, JID, Arcane, League of Legends",64960925d3654633a3c3cc71a78cd073,2024-08-03T05:01:11Z,,e9d6906e5a9043868a7692706d24adba,Yes
spotify:track:1SOTqkhpIWoLX1AS9Y2RpU,"Coconut Mall (From ""Mario Kart Wii"")","Mario Kart Wii, The Themes",Arcade Player,d994f48c4cee4e7190129a4e23c37ba4,2024-08-06T03:41:06Z,,e9d6906e5a9043868a7692706d24adba,No
spotify:track:29ufIwomYfLbWBxPMdaUZm,North American Scum,Sound of Silver,LCD Soundsystem,468c128145794cb29114433b56f00c75,2024-08-03T23:45:52Z,Top Spin 4,e9d6906e5a9043868a7692706d24adba,Yes
spotify:track:2G8tfTExxzpRKssKzKwDYV,Simple And Clean,COLORS,Hikaru Utada,5386dc3d7c61409e91f87bb5c0593d59,2024-08-03T04:00:19Z,,e9d6906e5a9043868a7692706d24adba,Yes
spotify:track:2xNln5r06KzE2ABS4Vq4i2,Lazy Generation - Edited,The F-Ups,The F-Ups,468c128145794cb29114433b56f00c75,2024-08-03T23:45:52Z,Burnout 3: Takedown,e9d6906e5a9043868a7692706d24adba,Yes
spotify:track:43tsUfeC8G0J4md5489qFR,Guile's Theme,Super Street Fighter II Turbo Original Soundtrack,Capcom Sound Team,d994f48c4cee4e7190129a4e23c37ba4,2024-08-06T03:41:06Z,,e9d6906e5a9043868a7692706d24adba,No
spotify:track:5sbooPcNgIE22DwO0VNGUJ,POP/STARS,POP/STARS,"K/DA, Madison Beer, i-dle, Jaira Burns, League of Legends",5386dc3d7c61409e91f87bb5c0593d59,2024-08-03T04:00:19Z,,e9d6906e5a9043868a7692706d24adba,Yes
spotify:track:6fyMExLM9mmtXAQKCnTaZG,"Glider - from ""Sable"" Original Video Game Soundtrack",Sable (Original Video Game Soundtrack),Japanese Breakfast,4d224c85483b4c4381c7121c3973a84f,2024-08-03T04:05:05Z,,e9d6906e5a9043868a7692706d24adba,Yes
spotify:track:6J5tIxkpSLayW34h2cvodI,"Great Fairy Fountain (From ""Ocarina of Time"")",Zelda - A Storm of Songs,Lucas Cooper,fb5a064490e94e9ea947db8cde7bc9f3,2024-08-06T19:49:43Z,,e9d6906e5a9043868a7692706d24adba,Yes
spotify:track:74X2u8JMVooG2QbjRxXwR8,Perfect Night,Perfect Night,LE SSERAFIM,64960925d3654633a3c3cc71a78cd073,2024-08-03T05:01:11Z,,e9d6906e5a9043868a7692706d24adba,Yes
spotify:track:7mykoq6R3BArsSpNDjFQTm,I Really Want to Stay at Your House,"Cyberpunk 2077: Radio, Vol. 2 (Original Soundtrack)","Rosa Walton, Hallie Coggins",0067913c8633447f84a29db3863f4ae0,2024-08-06T21:51:51Z,,e9d6906e5a9043868a7692706d24adba,Yes
spotify:track:00nmZvZRyzQiYe2tAcDDUb,abnormalize,i'mperfect,Ling tosite sigure,5386dc3d7c61409e91f87bb5c0593d59,2024-08-20T01:57:53Z,,15223b426b27459ba033ed49328bf97c,Yes
spotify:track:1BPrb82sw4NISXgRfdBFRS,Drink,"Open Mouth, Open Heart",Destroy Boys,2d61cf2460f14956924abf603b37f9e7,2024-08-23T19:14:48Z,,15223b426b27459ba033ed49328bf97c,Yes
spotify:track:1DKv7Hq1hGJab5phHG3MKq,„ÅÇ„Åµ„Çå„Çã,Áúü„Å£Èªí,tricot,4d224c85483b4c4381c7121c3973a84f,2024-08-19T16:05:24Z,,15223b426b27459ba033ed49328bf97c,Yes
spotify:track:1MYCp8HhMJfQuYqiHruJ7N,firebird,catharsis,Covet,d994f48c4cee4e7190129a4e23c37ba4,2024-08-20T00:20:58Z,,15223b426b27459ba033ed49328bf97c,No
spotify:track:3f3FDZajRpcLQGln7OZqdi,asphyxia,PURE,C√∂ shu Nie,5386dc3d7c61409e91f87bb5c0593d59,2024-08-20T01:57:53Z,,15223b426b27459ba033ed49328bf97c,Yes
spotify:track:3Pcqoy3bwg5sWg4aRUfAM8,Mr. Poopy Butthead,Straw Chairs,TRSH,64960925d3654633a3c3cc71a78cd073,2024-08-19T23:42:58Z,,15223b426b27459ba033ed49328bf97c,Yes
spotify:track:427OHPoIWqO3SsFw77EkDf,*Equip Sunglasses*,you'll be fine,Hot Mulligan,4d224c85483b4c4381c7121c3973a84f,2024-08-19T16:05:24Z,,15223b426b27459ba033ed49328bf97c,Yes
spotify:track:4S0zagxseJHOL5ZVnTQA6X,Playing God,Remember That You Will Die,Polyphia,0067913c8633447f84a29db3863f4ae0,2024-08-21T06:45:36Z,,15223b426b27459ba033ed49328bf97c,Yes
spotify:track:57C22IqAXwCtJAN2xIhgv1,Papaya,Papaya,standards,2d61cf2460f14956924abf603b37f9e7,2024-08-23T19:14:48Z,,15223b426b27459ba033ed49328bf97c,Yes
spotify:track:72uSoNIf7eScfGZFQjNHrR,Dramaturgy,Bunka,Eve,64960925d3654633a3c3cc71a78cd073,2024-08-19T23:42:58Z,,15223b426b27459ba033ed49328bf97c,Yes
spotify:track:74HZxFDC35ZnyNVjpEorSy,Freak,Freak,Ichika Nito,0067913c8633447f84a29db3863f4ae0,2024-08-21T06:45:36Z,,15223b426b27459ba033ed49328bf97c,Yes
spotify:track:7cpfn7H6WjSJseUyRacfUE,The Summer Ends,American Football,American Football,d994f48c4cee4e7190129a4e23c37ba4,2024-08-20T00:20:58Z,,15223b426b27459ba033ed49328bf97c,No
spotify:track:0JmnkIqdlnUzPaf8sqBRs3,Moonlight,Red Moon In Venus,Kali Uchis,2d61cf2460f14956924abf603b37f9e7,2024-08-28T06:46:40Z,,74f93157b0b04920b9e71bf0717b770a,Yes
spotify:track:0PbDj1Lh8uZJ2ZcTRSBvQf,El Encuentro,El Encuentro,"Alizzz, Amaia",d994f48c4cee4e7190129a4e23c37ba4,2024-08-28T13:21:19Z,,74f93157b0b04920b9e71bf0717b770a,No
spotify:track:0rRboI6IRuGx56Dq3UdYY4,Because I Got High,The Good Times,Afroman,64960925d3654633a3c3cc71a78cd073,2024-08-27T04:03:29Z,,74f93157b0b04920b9e71bf0717b770a,Yes
spotify:track:11ZulcYY4lowvcQm4oe3VJ,Slumber Party (feat. Princess Nokia),DEMIDEVIL,"Ashnikko, Princess Nokia",4d224c85483b4c4381c7121c3973a84f,2024-08-27T04:34:52Z,,74f93157b0b04920b9e71bf0717b770a,Yes
spotify:track:15gYW0jWbNlYUZCQAZncZN,Fried or Fertilized (feat. Flynt Flossy & Whatchyamacallit),Turquoise Jeep Records: Keep The Jeep Ridin',Yung Humma,5386dc3d7c61409e91f87bb5c0593d59,2024-08-27T04:09:24Z,,74f93157b0b04920b9e71bf0717b770a,Yes
spotify:track:1c5KZhtOAOH7eFOlBekNhS,I Like It,All This Love,DeBarge,d994f48c4cee4e7190129a4e23c37ba4,2024-08-28T13:21:19Z,,74f93157b0b04920b9e71bf0717b770a,No
spotify:track:1JGGsCZ9zhgPJIsPy0pwt9,Cbat,Satin Panthers,Hudson Mohawke,fb5a064490e94e9ea947db8cde7bc9f3,2024-08-28T05:40:51Z,,74f93157b0b04920b9e71bf0717b770a,Yes
spotify:track:3QzAOrNlsabgbMwlZt7TAY,Ballin' (with Roddy Ricch),Perfect Ten,"Mustard, Roddy Ricch",0067913c8633447f84a29db3863f4ae0,2024-08-28T10:07:53Z,,74f93157b0b04920b9e71bf0717b770a,Yes
spotify:track:4p9ip3oAU1pB5b5PahVmd1,You Fuckers Were Asking for This One - Boin Edit,You Fuckers Were Asking for This One (Boin Edit),Rav,0067913c8633447f84a29db3863f4ae0,2024-08-28T10:07:53Z,,74f93157b0b04920b9e71bf0717b770a,Yes
spotify:track:5PEleSkK4p4E1sx3x7cOLt,I Just Had Sex,Turtleneck & Chain (Explicit Version),"The Lonely Island, Akon",64960925d3654633a3c3cc71a78cd073,2024-08-27T04:03:29Z,,74f93157b0b04920b9e71bf0717b770a,Yes
spotify:track:5r29mFrurlVBbqJzjr2XW6,"My Neck, My Back (Lick It)",Thug Misses (Digitally Remastered),Khia,5386dc3d7c61409e91f87bb5c0593d59,2024-08-27T04:09:24Z,,74f93157b0b04920b9e71bf0717b770a,Yes
spotify:track:5tqZJUHEuqdN12RZVq2l9p,Hold On,Hive Mind,The Internet,2d61cf2460f14956924abf603b37f9e7,2024-08-28T06:46:40Z,,74f93157b0b04920b9e71bf0717b770a,Yes
spotify:track:6tRneEcItwpSxBtqgem5Dr,THE DEATH OF PEACE OF MIND,THE DEATH OF PEACE OF MIND,Bad Omens,4d224c85483b4c4381c7121c3973a84f,2024-08-27T04:34:52Z,,74f93157b0b04920b9e71bf0717b770a,Yes
spotify:track:71yN0yrHej3jhKXewbmtEh,Coconuts,Coconuts,Kim Petras,fb5a064490e94e9ea947db8cde7bc9f3,2024-08-28T05:40:51Z,,74f93157b0b04920b9e71bf0717b770a,Yes
spotify:track:05QrjMU5kHV7dpyNmSxqdv,Peanut Butter & Tears,Peanut Butter & Tears,DPR IAN,4d224c85483b4c4381c7121c3973a84f,2024-09-06T03:37:28Z,,8f11304d850840669e1d3d969678327c,No
spotify:track:0mflMxspEfB0VbI1kyLiAv,Stick Season,Stick Season,Noah Kahan,5386dc3d7c61409e91f87bb5c0593d59,2024-09-04T02:20:52Z,,8f11304d850840669e1d3d969678327c,Yes
spotify:track:1ShRHPAiiIrh0arZbSFmx1,Heavy,CINEMA,The Mar√≠as,2d61cf2460f14956924abf603b37f9e7,2024-09-06T03:36:24Z,,8f11304d850840669e1d3d969678327c,Yes
spotify:track:1ZEOIhSn6BKErV59bIgn76,California Dreamin',All The Leaves Are Brown The Golden Era Collection,The Mamas & The Papas,5386dc3d7c61409e91f87bb5c0593d59,2024-09-04T02:20:52Z,,8f11304d850840669e1d3d969678327c,Yes
spotify:track:2grjqo0Frpf2okIBiifQKs,September,"The Best Of Earth, Wind & Fire Vol. 1","Earth, Wind & Fire",64960925d3654633a3c3cc71a78cd073,2024-09-03T23:17:48Z,,8f11304d850840669e1d3d969678327c,Yes
spotify:track:2K2kujL7erU8ItCd2Tv5lh,R√©sum√©,Division,Jenevieve,4d224c85483b4c4381c7121c3973a84f,2024-09-06T03:37:28Z,,8f11304d850840669e1d3d969678327c,No
spotify:track:2QjOHCTQ1Jl3zawyYOpxh6,Sweater Weather,I Love You.,The Neighbourhood,d994f48c4cee4e7190129a4e23c37ba4,2024-09-03T22:51:46Z,,8f11304d850840669e1d3d969678327c,No
spotify:track:2YOGCTiPJWMhZRdeadFj8G,this is what autumn feels like,this is what autumn feels like,JVKE,64960925d3654633a3c3cc71a78cd073,2024-09-03T23:17:48Z,,8f11304d850840669e1d3d969678327c,Yes
spotify:track:3B3eOgLJSqPEA0RfboIQVM,Skinny Love,"For Emma, Forever Ago",Bon Iver,fb5a064490e94e9ea947db8cde7bc9f3,2024-09-06T03:30:56Z,,8f11304d850840669e1d3d969678327c,Yes
spotify:track:3mhsDyQpX2L8sJMdWUHOi3,This Is Halloween,The Nightmare Before Christmas (Original Motion Picture Soundtrack),The Citizens of Halloween,fb5a064490e94e9ea947db8cde7bc9f3,2024-09-06T03:30:56Z,,8f11304d850840669e1d3d969678327c,Yes
spotify:track:42qNWdLKCI41S4uzfamhFM,Duvet,Twilight,b√¥a,d994f48c4cee4e7190129a4e23c37ba4,2024-09-03T22:51:46Z,,8f11304d850840669e1d3d969678327c,No
spotify:track:4w34xOG4R20bcijSufbq8l,You First (Re: Remi Wolf),Re: This Is Why,"Paramore, Remi Wolf",0067913c8633447f84a29db3863f4ae0,2024-09-06T03:08:20Z,,8f11304d850840669e1d3d969678327c,Yes
spotify:track:5jyj2XKWILHQxDoz59ddCT,Billie Toppy,Billie Toppy,Men I Trust,2d61cf2460f14956924abf603b37f9e7,2024-09-06T03:36:24Z,,8f11304d850840669e1d3d969678327c,Yes
spotify:track:5xo8RrjJ9CVNrtRg2S3B1R,Motion Sickness,Stranger in the Alps,Phoebe Bridgers,0067913c8633447f84a29db3863f4ae0,2024-09-06T03:08:20Z,,8f11304d850840669e1d3d969678327c,Yes
spotify:track:03UrZgTINDqvnUMbbIMhql,Gangnam Style (Í∞ïÎÇ®Ïä§ÌÉÄÏùº),Gangnam Style (Í∞ïÎÇ®Ïä§ÌÉÄÏùº),PSY,0067913c8633447f84a29db3863f4ae0,2024-09-12T01:43:33Z,,a4f8c11c62b7435bab0090be88597c87,Yes
spotify:track:0IkKz2J93C94Ei4BvDop7P,Party Rock Anthem,Sorry For Party Rocking,"LMFAO, Lauren Bennett, GoonRock",0067913c8633447f84a29db3863f4ae0,2024-09-12T01:43:33Z,,a4f8c11c62b7435bab0090be88597c87,Yes
spotify:track:0qcr5FMsEO85NAQjrlDRKo,"Let It Go - From ""Frozen""/Soundtrack Version",Frozen (Original Motion Picture Soundtrack / Deluxe Edition),Idina Menzel,d994f48c4cee4e7190129a4e23c37ba4,2024-09-12T00:48:18Z,,a4f8c11c62b7435bab0090be88597c87,No
spotify:track:0tBbt8CrmxbjRP0pueQkyU,Wolves,Wolves,"Selena Gomez, Marshmello",2d61cf2460f14956924abf603b37f9e7,2024-09-11T16:31:01Z,,a4f8c11c62b7435bab0090be88597c87,Yes
spotify:track:0V3wPSX9ygBnCm8psDIegu,Anti-Hero,Midnights,Taylor Swift,64960925d3654633a3c3cc71a78cd073,2024-09-08T23:12:44Z,,a4f8c11c62b7435bab0090be88597c87,Yes
spotify:track:0wwPcA6wtMf6HUMpIRdeP7,Hotline Bling,Views,Drake,fb5a064490e94e9ea947db8cde7bc9f3,2024-09-08T22:51:22Z,,a4f8c11c62b7435bab0090be88597c87,Yes
spotify:track:1LmN9SSHISbtp9LoaR5ZVJ,Payphone,Overexposed,"Maroon 5, Wiz Khalifa",5386dc3d7c61409e91f87bb5c0593d59,2024-09-10T03:59:25Z,,a4f8c11c62b7435bab0090be88597c87,Yes
spotify:track:1Mcvh7MbbjIoU6JYqSHq0l,Blurred Lines,Blurred Lines,"Robin Thicke, T.I., Pharrell Williams",468c128145794cb29114433b56f00c75,2024-09-12T01:59:31Z,,a4f8c11c62b7435bab0090be88597c87,Yes
spotify:track:1qPbGZqppFwLwcBC1JQ6Vr,Wonderwall,(What's The Story) Morning Glory?,Oasis,d994f48c4cee4e7190129a4e23c37ba4,2024-09-12T00:48:18Z,,a4f8c11c62b7435bab0090be88597c87,No
spotify:track:2Fxmhks0bxGSBdJ92vM42m,bad guy,"WHEN WE ALL FALL ASLEEP, WHERE DO WE GO?",Billie Eilish,4d224c85483b4c4381c7121c3973a84f,2024-09-10T19:24:41Z,I like them but it seemed like everyone had a cover of this song when it came out ,a4f8c11c62b7435bab0090be88597c87,No
spotify:track:32OlwWuMpZ6b0aN2RZOeMS,Uptown Funk (feat. Bruno Mars),Uptown Special,"Mark Ronson, Bruno Mars",468c128145794cb29114433b56f00c75,2024-09-12T01:59:31Z,I don‚Äôt support the short kings who made this song ,a4f8c11c62b7435bab0090be88597c87,Yes
spotify:track:4lCv7b86sLynZbXhfScfm2,Firework,Teenage Dream: The Complete Confection,Katy Perry,2d61cf2460f14956924abf603b37f9e7,2024-09-11T16:31:01Z,,a4f8c11c62b7435bab0090be88597c87,Yes
spotify:track:5pyoxDZ1PX0KxBxiRVxA4U,BREAK MY SOUL,RENAISSANCE,Beyonc√©,64960925d3654633a3c3cc71a78cd073,2024-09-08T23:12:44Z,,a4f8c11c62b7435bab0090be88597c87,Yes
spotify:track:5wANPM4fQCJwkGd4rN57mH,drivers license,SOUR,Olivia Rodrigo,5386dc3d7c61409e91f87bb5c0593d59,2024-09-10T03:59:25Z,,a4f8c11c62b7435bab0090be88597c87,Yes
spotify:track:7KXjTSCq5nL1LoYtL7XAwS,HUMBLE.,DAMN.,Kendrick Lamar,4d224c85483b4c4381c7121c3973a84f,2024-09-10T19:24:41Z,,a4f8c11c62b7435bab0090be88597c87,No
spotify:track:7qiZfU4dY1lWllzX7mPBI3,Shape of You,√∑ (Deluxe),Ed Sheeran,fb5a064490e94e9ea947db8cde7bc9f3,2024-09-08T22:51:22Z,,a4f8c11c62b7435bab0090be88597c87,Yes
spotify:track:0aym2LBJBk9DAYuHHutrIl,Hey Jude - Remastered 2015,1 (Remastered),The Beatles,d994f48c4cee4e7190129a4e23c37ba4,2024-09-12T16:40:24Z,,3af7a6c3bb134ef8a7b35846af3a2e43,No
spotify:track:0I3q5fE6wg7LIfHGngUTnV,Ms. Jackson,Stankonia,Outkast,64960925d3654633a3c3cc71a78cd073,2024-09-13T00:14:00Z,,3af7a6c3bb134ef8a7b35846af3a2e43,Yes
spotify:track:0N4FgQoqMlmMPikactFwtE,Edison,Neon,WEDNESDAY CAMPANELLA,4d224c85483b4c4381c7121c3973a84f,2024-09-12T03:31:17Z,,3af7a6c3bb134ef8a7b35846af3a2e43,No
spotify:track:1qjrYozGqc7upUgfN776lZ,Sara Smile,Daryl Hall & John Oates (The Silver Album),Daryl Hall & John Oates,2d61cf2460f14956924abf603b37f9e7,2024-09-12T03:35:50Z,,3af7a6c3bb134ef8a7b35846af3a2e43,Yes
spotify:track:2EOOd0UJfRZzzlok8IZ6iZ,ÂÆÆ,replica,Vaundy,0067913c8633447f84a29db3863f4ae0,2024-09-13T20:07:10Z,,3af7a6c3bb134ef8a7b35846af3a2e43,Yes
spotify:track:37CoOXIsgF3NzbK1zHZetk,Mona Lisa (Spider-Man: Across the Spider-Verse),Mona Lisa (Spider-Man: Across the Spider-Verse),Dominic Fike,64960925d3654633a3c3cc71a78cd073,2024-09-13T00:14:00Z,Billie Eilish,3af7a6c3bb134ef8a7b35846af3a2e43,Yes
spotify:track:3EYOJ48Et32uATr9ZmLnAo,Roxanne,Outlandos D'Amour (Remastered 2003),The Police,fb5a064490e94e9ea947db8cde7bc9f3,2024-09-12T03:34:41Z,,3af7a6c3bb134ef8a7b35846af3a2e43,Yes
spotify:track:4wd09wCccmxUB7XVJp0RNn,"Jesus, Etc.",Yankee Hotel Foxtrot,Wilco,468c128145794cb29114433b56f00c75,2024-09-13T20:47:57Z,,3af7a6c3bb134ef8a7b35846af3a2e43,No
spotify:track:5ChkMS8OtdzJeqyybCc9R5,Billie Jean,Thriller 25 Super Deluxe Edition,Michael Jackson,5386dc3d7c61409e91f87bb5c0593d59,2024-09-12T03:34:03Z,,3af7a6c3bb134ef8a7b35846af3a2e43,Yes
spotify:track:5dTHtzHFPyi8TlTtzoz1J9,Helena,Three Cheers for Sweet Revenge,My Chemical Romance,d994f48c4cee4e7190129a4e23c37ba4,2024-09-12T16:40:24Z,,3af7a6c3bb134ef8a7b35846af3a2e43,No
spotify:track:5it9RIRXDwiLpJKdce6Z7e,Valerie - BBC Radio 1 Live Lounge,AMY (Original Motion Picture Soundtrack),Amy Winehouse,5386dc3d7c61409e91f87bb5c0593d59,2024-09-12T03:34:03Z,,3af7a6c3bb134ef8a7b35846af3a2e43,Yes
spotify:track:5iXWkUMZYRZADokxXnniYt,Steve McQueen,"Hurry Up, We're Dreaming",M83,468c128145794cb29114433b56f00c75,2024-09-13T20:47:57Z,,3af7a6c3bb134ef8a7b35846af3a2e43,No
spotify:track:5VEM2GQhD5DfuTCC6rKsT0,"Check Yes, Juliet",So Far,We The Kings,2d61cf2460f14956924abf603b37f9e7,2024-09-12T03:35:50Z,,3af7a6c3bb134ef8a7b35846af3a2e43,Yes
spotify:track:6gH2V6XzhDXfTqml6c2w4Z,Johanna,Johanna,Suki Waterhouse,4d224c85483b4c4381c7121c3973a84f,2024-09-12T03:31:17Z,,3af7a6c3bb134ef8a7b35846af3a2e43,No
spotify:track:6kopmMZiyLmw7h66uXcXR7,Valerie (feat. Amy Winehouse) - Version Revisited,Version,"Mark Ronson, Amy Winehouse",fb5a064490e94e9ea947db8cde7bc9f3,2024-09-12T03:34:41Z,,3af7a6c3bb134ef8a7b35846af3a2e43,Yes
spotify:track:7B3z0ySL9Rr0XvZEAjWZzM,Sofia,Immunity,Clairo,0067913c8633447f84a29db3863f4ae0,2024-09-13T20:07:10Z,,3af7a6c3bb134ef8a7b35846af3a2e43,Yes
spotify:track:0JKGe340YJwfDrpXqPQ8sw,Daechwita,D-2,Agust D,fb5a064490e94e9ea947db8cde7bc9f3,2024-09-19T00:13:01Z,,96a85b78c2b0441b945b2385a009c67b,Yes
spotify:track:0uyvc0R0wJ6Fu3E01UtlzJ,Shadows Inside,Shadows Inside,Miss May I,0067913c8633447f84a29db3863f4ae0,2024-09-20T05:22:26Z,,96a85b78c2b0441b945b2385a009c67b,Yes
spotify:track:14WYmNQWvR2TTWoRp8t9Ml,RATATATA,RATATATA,"BABYMETAL, Electric Callboy",4d224c85483b4c4381c7121c3973a84f,2024-09-20T04:31:55Z,,96a85b78c2b0441b945b2385a009c67b,No
spotify:track:1auxYwYrFRqZP7t3s7w4um,Ni**as In Paris,Watch The Throne,"JAY-Z, Kanye West",468c128145794cb29114433b56f00c75,2024-09-18T17:40:18Z,,96a85b78c2b0441b945b2385a009c67b,Yes
spotify:track:1i5fRXLDQmiNf878YdAUjk,DICTATOR,DICTATOR,REI AMI,5386dc3d7c61409e91f87bb5c0593d59,2024-09-19T03:13:05Z,,96a85b78c2b0441b945b2385a009c67b,Yes
spotify:track:1J03Vp93ybKIxfzYI4YJtL,MEGALOVANIA,UNDERTALE Soundtrack,Toby Fox,2d61cf2460f14956924abf603b37f9e7,2024-09-19T13:59:59Z,,96a85b78c2b0441b945b2385a009c67b,Yes
spotify:track:2CGDxXXYbkPOyRXHzQbqkT,Click Click Boom,Every Six Seconds,Saliva,64960925d3654633a3c3cc71a78cd073,2024-09-19T03:15:38Z,,96a85b78c2b0441b945b2385a009c67b,Yes
spotify:track:2gZUPNdnz5Y45eiGxpHGSc,POWER,My Beautiful Dark Twisted Fantasy,Kanye West,468c128145794cb29114433b56f00c75,2024-09-18T17:40:18Z,,96a85b78c2b0441b945b2385a009c67b,Yes
spotify:track:3FUZpoj9VV0sgc8RqbS3xQ,Kyoto (feat. Sirah),Bangarang EP,"Skrillex, Sirah",4d224c85483b4c4381c7121c3973a84f,2024-09-20T04:31:55Z,,96a85b78c2b0441b945b2385a009c67b,No
spotify:track:3lPr8ghNDBLc2uZovNyLs9,Supermassive Black Hole,Black Holes and Revelations,Muse,5386dc3d7c61409e91f87bb5c0593d59,2024-09-19T03:13:05Z,,96a85b78c2b0441b945b2385a009c67b,Yes
spotify:track:5b3XJ1pjrHO5JtY2PcTjnI,Mamushi (feat. Yuki Chiba),MEGAN,"Megan Thee Stallion, ÂçÉËëâÈõÑÂñú",2d61cf2460f14956924abf603b37f9e7,2024-09-19T13:59:59Z,,96a85b78c2b0441b945b2385a009c67b,Yes
spotify:track:5KyOUICJIvO0z71MBdPGiX,BOUNCY (K-HOT CHILLI PEPPERS),THE WORLD EP.2 : OUTLAW,ATEEZ,fb5a064490e94e9ea947db8cde7bc9f3,2024-09-19T00:13:01Z,,96a85b78c2b0441b945b2385a009c67b,Yes
spotify:track:5PFxNrRme9z6jiprt8AfqX,„ÉØ„Çø„É™„Éâ„É™,Where's My History?,[Alexandros],0067913c8633447f84a29db3863f4ae0,2024-09-20T05:22:26Z,,96a85b78c2b0441b945b2385a009c67b,Yes
spotify:track:61QSuw5VlC0LTS8WMO356g,All The Way Up (feat. Infared),All The Way Up (feat. Infared),"Fat Joe, Remy Ma, French Montana, InfaRed",64960925d3654633a3c3cc71a78cd073,2024-09-19T03:15:38Z,,96a85b78c2b0441b945b2385a009c67b,Yes
spotify:track:6AI3ezQ4o3HUoP6Dhudph3,Not Like Us,Not Like Us,Kendrick Lamar,d994f48c4cee4e7190129a4e23c37ba4,2024-09-19T17:36:07Z,,96a85b78c2b0441b945b2385a009c67b,No
spotify:track:7qRxAH7ZRB2Ita3mebXfR3,Battery (Remastered),Master of Puppets (Remastered),Metallica,d994f48c4cee4e7190129a4e23c37ba4,2024-09-19T17:36:07Z,,96a85b78c2b0441b945b2385a009c67b,No
spotify:track:047fCsbO4NdmwCBn8pcUXl,Marvins Room,Take Care (Deluxe),Drake,d994f48c4cee4e7190129a4e23c37ba4,2024-09-28T07:53:50Z,,1101f0d0119b48c28a290de8de3c0f67,No
spotify:track:0asMwoxaKllA4Cm791LGOW,Atlantic,This Place Will Become Your Tomb,Sleep Token,0067913c8633447f84a29db3863f4ae0,2024-09-26T22:10:14Z,,1101f0d0119b48c28a290de8de3c0f67,Yes
spotify:track:0QZ5yyl6B6utIWkxeBDxQN,The Night We Met,Strange Trails,Lord Huron,2d61cf2460f14956924abf603b37f9e7,2024-09-29T03:52:35Z,,1101f0d0119b48c28a290de8de3c0f67,Yes
spotify:track:16WkFbQRW2BhvMUwuIaIsx,8 (circle),"22, A Million",Bon Iver,468c128145794cb29114433b56f00c75,2024-09-28T02:59:45Z,,1101f0d0119b48c28a290de8de3c0f67,Yes
spotify:track:1Fhb9iJPufNMZSwupsXiRe,beside you,beside you,keshi,fb5a064490e94e9ea947db8cde7bc9f3,2024-09-25T04:23:19Z,,1101f0d0119b48c28a290de8de3c0f67,Yes
spotify:track:1KMkcUvF7m3SDChDOa7i5L,WITHOUT YOU,F*CK LOVE 3+: OVER YOU,The Kid LAROI,5386dc3d7c61409e91f87bb5c0593d59,2024-09-28T06:46:32Z,,1101f0d0119b48c28a290de8de3c0f67,Yes
spotify:track:1KpcNZWoaXwvGBPfU3g0MM,ain‚Äôt afraid to die,DECADE 1998-2002,DIR EN GREY,4d224c85483b4c4381c7121c3973a84f,2024-09-26T20:32:56Z,,1101f0d0119b48c28a290de8de3c0f67,No
spotify:track:1oWRt7fuzW7n5rswQJSVUD,Love Again,Songs to Make up To,"Ta-ku, JMSN, Sango",64960925d3654633a3c3cc71a78cd073,2024-09-29T01:36:39Z,,1101f0d0119b48c28a290de8de3c0f67,Yes
spotify:track:27AG99NmWMFLRoyZMMPNW2,Two-Headed Boy,In the Aeroplane Over the Sea,Neutral Milk Hotel,468c128145794cb29114433b56f00c75,2024-09-28T02:59:45Z,,1101f0d0119b48c28a290de8de3c0f67,Yes
spotify:track:2jdAk8ATWIL3dwT47XpRfu,Slow Dancing in a Burning Room,Continuum,John Mayer,5386dc3d7c61409e91f87bb5c0593d59,2024-09-28T06:46:32Z,,1101f0d0119b48c28a290de8de3c0f67,Yes
spotify:track:2TktkzfozZifbQhXjT6I33,Evergreen (You Didn‚Äôt Deserve Me At All),Ivory,Omar Apollo,fb5a064490e94e9ea947db8cde7bc9f3,2024-09-25T04:23:19Z,,1101f0d0119b48c28a290de8de3c0f67,Yes
spotify:track:3BzrV9GCvaCr4m7N2FvNvK,Suffocate,Lost in the Waves (The Complete Edition),"LANDMVRKS, Chunk! No, Captain Chunk!",4d224c85483b4c4381c7121c3973a84f,2024-09-26T20:32:56Z,,1101f0d0119b48c28a290de8de3c0f67,No
spotify:track:3Fj47GNK2kUF0uaEDgXLaD,wish you were gay,"WHEN WE ALL FALL ASLEEP, WHERE DO WE GO?",Billie Eilish,d994f48c4cee4e7190129a4e23c37ba4,2024-09-28T07:53:50Z,,1101f0d0119b48c28a290de8de3c0f67,No
spotify:track:3S8jK1mGzQi24ilFb45DAZ,Lonely (with benny blanco),Justice,"Justin Bieber, benny blanco",5386dc3d7c61409e91f87bb5c0593d59,2024-09-28T06:46:32Z,,1101f0d0119b48c28a290de8de3c0f67,Yes
spotify:track:3Sw3JIOSE6E7InuGDZdaC0,Old Life,Old Life,Mustafa,2d61cf2460f14956924abf603b37f9e7,2024-09-29T03:52:35Z,,1101f0d0119b48c28a290de8de3c0f67,Yes
spotify:track:4CYeId6mLAasOb6o0NCz4Y,Lo Que Siento,Lo Que Siento,Cuco,0067913c8633447f84a29db3863f4ae0,2024-09-26T22:10:14Z,,1101f0d0119b48c28a290de8de3c0f67,Yes
spotify:track:4HMUrFl8y6rQCzEbaGEkcj,Somebody Save Me,The Death of Slim Shady (Coup De Gr√¢ce),"Eminem, Jelly Roll",64960925d3654633a3c3cc71a78cd073,2024-09-29T01:36:39Z,,1101f0d0119b48c28a290de8de3c0f67,Yes
spotify:track:4jXl6VtkFFKIt3ycUQc5LT,Circles,Circles,Mac Miller,2d61cf2460f14956924abf603b37f9e7,2024-09-29T03:52:35Z,,1101f0d0119b48c28a290de8de3c0f67,Yes
spotify:track:5LrN7yUQAzvthd4QujgPFr,Here With Me,Petals to Thorns,d4vd,0067913c8633447f84a29db3863f4ae0,2024-09-26T22:10:14Z,,1101f0d0119b48c28a290de8de3c0f67,Yes
spotify:track:5VBjyOQzqlPNgdRPMM6prF,seasons,summer flows 0.02,wave to earth,fb5a064490e94e9ea947db8cde7bc9f3,2024-09-25T04:23:19Z,,1101f0d0119b48c28a290de8de3c0f67,Yes
spotify:track:5xJc58mBWz68WhwU2n5seR,Life In a Glasshouse,Amnesiac,Radiohead,468c128145794cb29114433b56f00c75,2024-09-28T02:59:45Z,,1101f0d0119b48c28a290de8de3c0f67,Yes
spotify:track:6f2nWEm8aqMxKZtlxsyxWD,HEAVEN,HEAVEN,The Kid LAROI,4d224c85483b4c4381c7121c3973a84f,2024-09-26T20:32:56Z,,1101f0d0119b48c28a290de8de3c0f67,No
spotify:track:6xGruZOHLs39ZbVccQTuPZ,Glimpse of Us,Glimpse of Us,Joji,d994f48c4cee4e7190129a4e23c37ba4,2024-09-28T07:53:50Z,,1101f0d0119b48c28a290de8de3c0f67,No
spotify:track:7qEHsqek33rTcFNT9PFqLf,Someone You Loved,Divinely Uninspired To A Hellish Extent,Lewis Capaldi,64960925d3654633a3c3cc71a78cd073,2024-09-29T01:36:39Z,,1101f0d0119b48c28a290de8de3c0f67,Yes
spotify:track:06u5LrUpbosQlQ1QJFhPpG,Drew Barrymore,Ctrl,SZA,fb5a064490e94e9ea947db8cde7bc9f3,2024-10-04T19:59:43Z,,000333f329a346da8f4f80ddda941080,Yes
spotify:track:0LbZLBBZI1NfaDgb4dx0UD,Jaded,Endless Summer Vacation,Miley Cyrus,0067913c8633447f84a29db3863f4ae0,2024-10-05T05:00:48Z,,000333f329a346da8f4f80ddda941080,Yes
spotify:track:0p973C7c3dry8DRq2mgYP3,Ways to Go,Ways to Go,Zeph,4d224c85483b4c4381c7121c3973a84f,2024-10-04T20:10:09Z,,000333f329a346da8f4f80ddda941080,No
spotify:track:0pJW1Xw3aY4Eh6k5iuBkfI,I Know The End,Punisher,Phoebe Bridgers,468c128145794cb29114433b56f00c75,2024-10-02T06:50:30Z,,000333f329a346da8f4f80ddda941080,Yes
spotify:track:15gL4n95OG5KEQLCMXPQzp,Dionne (feat. Justin Vernon),Chewing Cotton Wool,"The Japanese House, Justin Vernon",d994f48c4cee4e7190129a4e23c37ba4,2024-10-02T06:26:37Z,,000333f329a346da8f4f80ddda941080,No
spotify:track:1Bv3h7Vc4AaYA2BcSM3rVd,All I Wanted,Brand New Eyes,Paramore,2d61cf2460f14956924abf603b37f9e7,2024-10-05T03:35:55Z,,000333f329a346da8f4f80ddda941080,Yes
spotify:track:26b3oVLrRUaaybJulow9kz,People,People,Libianca,0067913c8633447f84a29db3863f4ae0,2024-10-05T05:00:48Z,,000333f329a346da8f4f80ddda941080,Yes
spotify:track:2cTK5kS6aPYBNdhUQCzFN7,Square (2017),Every letter I sent you.,Yerin Baek,fb5a064490e94e9ea947db8cde7bc9f3,2024-10-04T19:59:43Z,,000333f329a346da8f4f80ddda941080,Yes
spotify:track:2mWfVxEo4xZYDaz0v7hYrN,Juna,Charm,Clairo,d994f48c4cee4e7190129a4e23c37ba4,2024-10-02T06:26:37Z,,000333f329a346da8f4f80ddda941080,No
spotify:track:3HpfHYxvRacvmEPFR9ovF7,Warning Sign,Aperture,Hannah Jadagu,0067913c8633447f84a29db3863f4ae0,2024-10-05T05:00:48Z,,000333f329a346da8f4f80ddda941080,Yes
spotify:track:3vkCueOmm7xQDoJ17W1Pm3,My Love Mine All Mine,The Land Is Inhospitable and So Are We,Mitski,d994f48c4cee4e7190129a4e23c37ba4,2024-10-02T06:26:37Z,,000333f329a346da8f4f80ddda941080,No
spotify:track:41zXlQxzTi6cGAjpOXyLYH,idontwannabeyouanymore,dont smile at me,Billie Eilish,5386dc3d7c61409e91f87bb5c0593d59,2024-10-03T02:11:45Z,,000333f329a346da8f4f80ddda941080,Yes
spotify:track:4A7EkKijzA4ryEoCRWJzdG,I'll Never Love Again - Film Version,A Star Is Born Soundtrack,"Lady Gaga, Bradley Cooper",64960925d3654633a3c3cc71a78cd073,2024-10-03T01:56:41Z,,000333f329a346da8f4f80ddda941080,Yes
spotify:track:4IFYR5smTnHYCLP82AiDrJ,Officially Missing You,More,Tamia,64960925d3654633a3c3cc71a78cd073,2024-10-03T01:56:41Z,,000333f329a346da8f4f80ddda941080,Yes
spotify:track:4RVwu0g32PAqgUiJoXsdF8,Happier Than Ever,Happier Than Ever,Billie Eilish,64960925d3654633a3c3cc71a78cd073,2024-10-03T01:56:41Z,,000333f329a346da8f4f80ddda941080,Yes
spotify:track:4UzVcXufOhGUwF56HT7b8M,My Immortal,Fallen,Evanescence,5386dc3d7c61409e91f87bb5c0593d59,2024-10-03T02:11:45Z,,000333f329a346da8f4f80ddda941080,Yes
spotify:track:5nexAvWNhwg51EavnDgViy,Toxic,It Was Good Until It Wasn't,Kehlani,fb5a064490e94e9ea947db8cde7bc9f3,2024-10-04T19:59:43Z,,000333f329a346da8f4f80ddda941080,Yes
spotify:track:5ql94CS36c6PM7KXTeSqTh,stardew,WOMB,Purity Ring,468c128145794cb29114433b56f00c75,2024-10-02T06:50:30Z,,000333f329a346da8f4f80ddda941080,Yes
spotify:track:6J2LdBN97cDWn0MLxYh9HB,July,THE END OF EVERYTHING,Noah Cyrus,2d61cf2460f14956924abf603b37f9e7,2024-10-05T03:35:55Z,,000333f329a346da8f4f80ddda941080,Yes
spotify:track:6Kkt27YmFyIFrcX3QXFi2o,Liability,Melodrama,Lorde,2d61cf2460f14956924abf603b37f9e7,2024-10-05T03:35:55Z,,000333f329a346da8f4f80ddda941080,Yes
spotify:track:6OG05bPAwUuV3OMvy2Vy1P,Mariners Apartment Complex,Norman Fucking Rockwell!,Lana Del Rey,468c128145794cb29114433b56f00c75,2024-10-02T06:50:30Z,,000333f329a346da8f4f80ddda941080,Yes
spotify:track:6PmAWNUMqIJbTbfCOuhwSf,The Summit,Eternal Blue,Spiritbox,4d224c85483b4c4381c7121c3973a84f,2024-10-04T20:10:09Z,,000333f329a346da8f4f80ddda941080,No
spotify:track:73CMRj62VK8nUS4ezD2wvi,Set Fire to the Rain,21,Adele,5386dc3d7c61409e91f87bb5c0593d59,2024-10-03T02:11:45Z,,000333f329a346da8f4f80ddda941080,Yes
spotify:track:79i3cvW2LUR6vmZpMxezJ5,„Éï„É©„É¨„Ç¨„Ç§„Ç¨„Éº„É´,„Éü„Ç´„ÉÖ„Ç≠„ÅÆËà™Êµ∑,Sayuri,4d224c85483b4c4381c7121c3973a84f,2024-10-04T20:10:09Z,üò≠üò≠üò≠üò≠üò≠üò≠üò≠üò≠üò≠üò≠üò≠üò≠üò≠üò≠,000333f329a346da8f4f80ddda941080,Yes
spotify:track:0nSQ5g5IDDGD7lsjhL10qY,"Lillium (From ""Elfen Lied"")","Lillium (From ""Elfen Lied"")",Geek Music,64960925d3654633a3c3cc71a78cd073,2024-10-11T03:37:50Z,,2f0e4b96d02b4ab39e25be0ff5a871f2,Yes
spotify:track:0xL3tjPSUJncbnIOn1uPhZ,Dark Lady,Dark Lady,Cher,d994f48c4cee4e7190129a4e23c37ba4,2024-10-11T00:44:56Z,,2f0e4b96d02b4ab39e25be0ff5a871f2,No
spotify:track:11BKm0j4eYoCPPpCONAVwA,Bloody Mary,Born This Way (Special Edition),Lady Gaga,64960925d3654633a3c3cc71a78cd073,2024-10-11T03:37:50Z,,2f0e4b96d02b4ab39e25be0ff5a871f2,Yes
spotify:track:13FGWUlqQpGugvEcnEUqou,Machinist,Soft Sounds from Another Planet,Japanese Breakfast,468c128145794cb29114433b56f00c75,2024-10-14T16:05:08Z,,2f0e4b96d02b4ab39e25be0ff5a871f2,No
spotify:track:17cia5k4BpGVlyEfqrFH50,Can‚Äôt Catch Me Now - from The Hunger Games: The Ballad of Songbirds & Snakes,The Hunger Games: The Ballad of Songbirds & Snakes (Music From & Inspired By),Olivia Rodrigo,5386dc3d7c61409e91f87bb5c0593d59,2024-10-11T03:21:12Z,,2f0e4b96d02b4ab39e25be0ff5a871f2,Yes
spotify:track:2Fa5PjvjXH1qKWI0umk4oY,Smother,If You Leave,Daughter,468c128145794cb29114433b56f00c75,2024-10-14T16:05:08Z,,2f0e4b96d02b4ab39e25be0ff5a871f2,No
spotify:track:2La74vQJjGEbn0LdTKTGGY,How Not To Drown,Screen Violence,"CHVRCHES, Robert Smith",0067913c8633447f84a29db3863f4ae0,2024-10-14T01:21:49Z,,2f0e4b96d02b4ab39e25be0ff5a871f2,Yes
spotify:track:3UOSd8008uE8y9Cz1Qpjs4,Hechizos,Crystals,Glass Spells,4d224c85483b4c4381c7121c3973a84f,2024-10-13T14:58:15Z,,2f0e4b96d02b4ab39e25be0ff5a871f2,No
spotify:track:3XF5xLJHOQQRbWya6hBp7d,you should see me in a crown,"WHEN WE ALL FALL ASLEEP, WHERE DO WE GO?",Billie Eilish,fb5a064490e94e9ea947db8cde7bc9f3,2024-10-11T01:51:17Z,,2f0e4b96d02b4ab39e25be0ff5a871f2,Yes
spotify:track:4CDpNmlS3cE9LQprMOkTVJ,Holy (Til You Let Me Go),Hold The Girl,Rina Sawayama,fb5a064490e94e9ea947db8cde7bc9f3,2024-10-11T01:51:17Z,,2f0e4b96d02b4ab39e25be0ff5a871f2,Yes
spotify:track:4JFet0crxTPHFV2n1ZqZKV,Burning,Cool It Down,Yeah Yeah Yeahs,0067913c8633447f84a29db3863f4ae0,2024-10-14T01:21:49Z,,2f0e4b96d02b4ab39e25be0ff5a871f2,Yes
spotify:track:54AnwduX0v10qXzZjhiUB5,crawlersout,shrines,Purity Ring,468c128145794cb29114433b56f00c75,2024-10-14T16:05:08Z,,2f0e4b96d02b4ab39e25be0ff5a871f2,No
spotify:track:56uOalQCSny79UjPrefkHy,Attention,Scarlet,Doja Cat,fb5a064490e94e9ea947db8cde7bc9f3,2024-10-11T01:51:17Z,,2f0e4b96d02b4ab39e25be0ff5a871f2,Yes
spotify:track:5M1OSRePFJzlQCTJRKVGQQ,I Disagree,I Disagree,Poppy,4d224c85483b4c4381c7121c3973a84f,2024-10-13T14:58:15Z,,2f0e4b96d02b4ab39e25be0ff5a871f2,No
spotify:track:5qaLfqAUiqvsoL0l4T05Yx,Seven Devils,Ceremonials (Deluxe Edition),Florence + The Machine,5386dc3d7c61409e91f87bb5c0593d59,2024-10-11T03:21:12Z,,2f0e4b96d02b4ab39e25be0ff5a871f2,Yes
spotify:track:62camXiL7evu87vDZ7EKSH,Special,Special,Scowl,4d224c85483b4c4381c7121c3973a84f,2024-10-13T14:58:15Z,,2f0e4b96d02b4ab39e25be0ff5a871f2,No
spotify:track:65hzDZbjAZpJZZf3diITpP,Witch,Ray Guns Are Not Just The Future,the bird and the bee,d994f48c4cee4e7190129a4e23c37ba4,2024-10-11T00:44:56Z,,2f0e4b96d02b4ab39e25be0ff5a871f2,No
spotify:track:6vb4kCEIM7zrwuHlxFbfeB,Demons,Scarlet,Doja Cat,64960925d3654633a3c3cc71a78cd073,2024-10-11T03:37:50Z,,2f0e4b96d02b4ab39e25be0ff5a871f2,Yes
spotify:track:7FjIYiD53wxlQmzTT6Wdpf,space girl,space girl,Frances Forever,d994f48c4cee4e7190129a4e23c37ba4,2024-10-11T00:44:56Z,,2f0e4b96d02b4ab39e25be0ff5a871f2,No
spotify:track:7ne2hzW4jaU5tacaCI4kJH,Your face,Your face,Wisp,0067913c8633447f84a29db3863f4ae0,2024-10-14T01:21:49Z,,2f0e4b96d02b4ab39e25be0ff5a871f2,Yes
spotify:track:7sgvhY89MQ5ipWtgr9l3NQ,Toxic,Sequels,2WEI,5386dc3d7c61409e91f87bb5c0593d59,2024-10-11T03:21:12Z,,2f0e4b96d02b4ab39e25be0ff5a871f2,Yes
spotify:track:04gmJvY5T9duH3eFXwPxV7,Soon or Never,Who's Feeling Young Now?,Punch Brothers,468c128145794cb29114433b56f00c75,2024-10-23T21:11:33Z,,7b58df4c19c44670bc1293280e4148a3,Yes
spotify:track:0eNXwn6I5GYl1OixYsW1gq,can't stop,can't stop,bad tuner,468c128145794cb29114433b56f00c75,2024-10-23T21:11:33Z,,7b58df4c19c44670bc1293280e4148a3,Yes
spotify:track:0EyViwXzoKDRKUtLczjJwL,lemonade,Chilli Beans.,Chilli Beans.,d994f48c4cee4e7190129a4e23c37ba4,2024-10-19T21:08:28Z,,7b58df4c19c44670bc1293280e4148a3,No
spotify:track:0hzCHWctkSM5fWxZAjNLVp,Where Does The Love Go?,Stuck in the Sky,"Mar√≠a Isabel, Yeek",2d61cf2460f14956924abf603b37f9e7,2024-10-24T04:03:32Z,,7b58df4c19c44670bc1293280e4148a3,Yes
spotify:track:0jyxo8MlRDZu0S0e7yUBDD,„Ç¢„Éá„Ç£„Ç™„Çπ,orbit,DAZBEE,5386dc3d7c61409e91f87bb5c0593d59,2024-10-20T19:49:03Z,,7b58df4c19c44670bc1293280e4148a3,No
spotify:track:0kKkbVim9GLVFsWDDcmgVb,Heaven's Only Wishful,Heaven's Only Wishful,MorMor,468c128145794cb29114433b56f00c75,2024-10-23T21:11:33Z,,7b58df4c19c44670bc1293280e4148a3,Yes
spotify:track:0n7Ij8XEDfYYFRgBQjNjnf,ÊÑõ‰Ω†,KimberleyÈ¶ñÂºµÂêåÂêçÂ∞àËºØ,Kimberley Chen,0067913c8633447f84a29db3863f4ae0,2024-10-23T04:43:08Z,,7b58df4c19c44670bc1293280e4148a3,Yes
spotify:track:1DXN9BShkC5oCnliOmdTFb,Horns (StayLoose Remix),Horns (StayLoose Remix),"Bryce Fox, StayLoose",5386dc3d7c61409e91f87bb5c0593d59,2024-10-20T19:49:03Z,,7b58df4c19c44670bc1293280e4148a3,No
spotify:track:1ji3cJU0sobtsiNEZRvNVz,Bad example,2019 - 2021,„Åü„Åã„ÇÑ„Çì,64960925d3654633a3c3cc71a78cd073,2024-10-20T01:12:40Z,,7b58df4c19c44670bc1293280e4148a3,Yes
spotify:track:1MrMCAwN8FKvSKHaDAAoTY,Psycho,Psycho,"Jin Dogg, OVER KILL",4d224c85483b4c4381c7121c3973a84f,2024-10-23T17:38:05Z,,7b58df4c19c44670bc1293280e4148a3,Yes
spotify:track:1ZMd7pX8bK6rj9QwudqCsK,Want More of It,Want More of It,The 5:55,64960925d3654633a3c3cc71a78cd073,2024-10-20T01:12:40Z,,7b58df4c19c44670bc1293280e4148a3,Yes
spotify:track:239qO1mShUBSxOjezLTVsX,GLASS WALLS,THE SCANDAL,Dounia,2d61cf2460f14956924abf603b37f9e7,2024-10-24T04:03:32Z,,7b58df4c19c44670bc1293280e4148a3,Yes
spotify:track:2AkroGRX5lRx0CNwTpAuYW,Baddest MF (BMF),Baddest MF (BMF),Zae,5386dc3d7c61409e91f87bb5c0593d59,2024-10-20T19:49:03Z,,7b58df4c19c44670bc1293280e4148a3,No
spotify:track:2RUNqDPQJrxFjcwqn1jOqu,Busted,OO-LI,WOODZ,fb5a064490e94e9ea947db8cde7bc9f3,2024-10-22T06:51:36Z,,7b58df4c19c44670bc1293280e4148a3,Yes
spotify:track:3nGyTdjyMC0xT2TA7Q4Ru4,falkor,effloresce,Covet,d994f48c4cee4e7190129a4e23c37ba4,2024-10-19T21:08:28Z,,7b58df4c19c44670bc1293280e4148a3,No
spotify:track:3rqWPIhrHwhehz0ThbnS5y,killer tune kills me,TOKYO - CITY POP -,"KIRINJI, YonYon",4d224c85483b4c4381c7121c3973a84f,2024-10-23T17:38:05Z,,7b58df4c19c44670bc1293280e4148a3,Yes
spotify:track:3w1pnSv8B46NVsias65E1L,Fatalist,Fatalist,Half Me,0067913c8633447f84a29db3863f4ae0,2024-10-23T04:43:08Z,,7b58df4c19c44670bc1293280e4148a3,Yes
spotify:track:4z4JQxp5ddY3Z8ETnaPPAK,Will You Love Me When I‚Äôm Dead,Will You Love Me When I‚Äôm Dead,Amira Elfeky,4d224c85483b4c4381c7121c3973a84f,2024-10-23T17:38:05Z,,7b58df4c19c44670bc1293280e4148a3,Yes
spotify:track:50k0yfw16gScfx6yCvkrFE,"Despair, Hangover & Ecstasy","Shake, Shook, Shaken",The D√∏,0067913c8633447f84a29db3863f4ae0,2024-10-23T04:43:08Z,,7b58df4c19c44670bc1293280e4148a3,Yes
spotify:track:5TJlSKnKnvPcp48BXhHWik,LONERS ANTHEM,LONERS ANTHEM,WHO SHOT SCOTT,64960925d3654633a3c3cc71a78cd073,2024-10-20T01:12:40Z,,7b58df4c19c44670bc1293280e4148a3,Yes
spotify:track:6XoQep0PUbhBV1pnVK4340,Enemy (feat. GEMINI),Enemy (feat. GEMINI),"Jiselle, GEMINI",fb5a064490e94e9ea947db8cde7bc9f3,2024-10-22T06:51:36Z,,7b58df4c19c44670bc1293280e4148a3,Yes
spotify:track:7IIRN7KZksXp9ieBFmNuHI,narashite,harutosyura,HARU NEMURI,d994f48c4cee4e7190129a4e23c37ba4,2024-10-19T21:08:28Z,,7b58df4c19c44670bc1293280e4148a3,No
spotify:track:7LbkoNf1QR4G0KhKQmRYPx,Baby Doll,Madness Always Turns to Sadness,Tabber,fb5a064490e94e9ea947db8cde7bc9f3,2024-10-22T06:51:36Z,,7b58df4c19c44670bc1293280e4148a3,Yes
spotify:track:7M7EKn4FPDVeHXEGUureMm,Forgot Again,Loving,Loving,2d61cf2460f14956924abf603b37f9e7,2024-10-24T04:03:32Z,,7b58df4c19c44670bc1293280e4148a3,Yes
spotify:track:00Mb3DuaIH1kjrwOku9CGU,Sk8er Boi,Let Go,Avril Lavigne,d994f48c4cee4e7190129a4e23c37ba4,2024-10-31T01:48:44Z,,a85f3d753d724383a9c4bbef5fac3749,No
spotify:track:0fBrOyJj7gEAyXevVq69xv,Lonely Girl,The Other Side,Tonight Alive,4d224c85483b4c4381c7121c3973a84f,2024-10-31T06:09:26Z,,a85f3d753d724383a9c4bbef5fac3749,No
spotify:track:0JJP0IS4w0fJx01EcrfkDe,"Dear Maria, Count Me In","So Wrong, It's Right",All Time Low,468c128145794cb29114433b56f00c75,2024-10-31T02:59:55Z,,a85f3d753d724383a9c4bbef5fac3749,Yes
spotify:track:1oagRT7LfpVlNJN6FSZDGp,"This Ain't A Scene, It's An Arms Race",Infinity On High,Fall Out Boy,d994f48c4cee4e7190129a4e23c37ba4,2024-10-31T01:48:44Z,,a85f3d753d724383a9c4bbef5fac3749,No
spotify:track:23oxJmDc1V9uLUSmN2LIvx,Ocean Avenue,Ocean Avenue,Yellowcard,468c128145794cb29114433b56f00c75,2024-10-31T02:59:55Z,,a85f3d753d724383a9c4bbef5fac3749,Yes
spotify:track:26AYR77170U49cMcXB7aRV,Feeling This,blink-182,blink-182,468c128145794cb29114433b56f00c75,2024-10-31T02:59:55Z,,a85f3d753d724383a9c4bbef5fac3749,Yes
spotify:track:2TfSHkHiFO4gRztVIkggkE,"Sugar, We're Goin Down",From Under The Cork Tree,Fall Out Boy,64960925d3654633a3c3cc71a78cd073,2024-10-31T03:02:05Z,,a85f3d753d724383a9c4bbef5fac3749,Yes
spotify:track:2v5JTeM6hSmi5wWy7jiwrI,I've Been Waiting (w/ ILoveMakonnen & Fall Out Boy),I've Been Waiting (w/ ILoveMakonnen & Fall Out Boy),"Lil Peep, ILOVEMAKONNEN, Fall Out Boy",5386dc3d7c61409e91f87bb5c0593d59,2024-11-01T05:06:16Z,,a85f3d753d724383a9c4bbef5fac3749,Yes
spotify:track:3PHhctErNOXWqevrZDUyNy,Can't Be Saved,Still Searching,Senses Fail,0067913c8633447f84a29db3863f4ae0,2024-11-01T04:50:34Z,,a85f3d753d724383a9c4bbef5fac3749,Yes
spotify:track:3VA4sjTMSTTF02hFGmlpJh,crushcrushcrush,Riot!,Paramore,5386dc3d7c61409e91f87bb5c0593d59,2024-11-01T05:06:16Z,,a85f3d753d724383a9c4bbef5fac3749,Yes
spotify:track:3vT58d8HuLwBWKldRwK9bl,Memories (with WILLOW),YUNGBLUD,"YUNGBLUD, WILLOW",2d61cf2460f14956924abf603b37f9e7,2024-11-03T02:39:07Z,,a85f3d753d724383a9c4bbef5fac3749,Yes
spotify:track:47IWLfIKOKhFnz1FUEUIkE,A Boy Brushed Red Living In Black And White,They're Only Chasing Safety,Underoath,4d224c85483b4c4381c7121c3973a84f,2024-10-31T06:09:26Z,,a85f3d753d724383a9c4bbef5fac3749,No
spotify:track:4JsDHMv5PVO8N07DbDq33r,All I Want,What Separates Me From You,A Day To Remember,0067913c8633447f84a29db3863f4ae0,2024-11-01T04:50:34Z,,a85f3d753d724383a9c4bbef5fac3749,Yes
spotify:track:4OSbctVD37ycS0H3rwRm72,Prayer Of The Refugee,The Sufferer & The Witness,Rise Against,0067913c8633447f84a29db3863f4ae0,2024-11-01T04:50:34Z,,a85f3d753d724383a9c4bbef5fac3749,Yes
spotify:track:4wzjNqjKAKDU82e8uMhzmr,Face Down,Don't You Fake It,The Red Jumpsuit Apparatus,d994f48c4cee4e7190129a4e23c37ba4,2024-10-31T01:48:44Z,,a85f3d753d724383a9c4bbef5fac3749,No
spotify:track:4zXRMjTaeflesB3Ih4eHnJ,Stand Out Fit In,Eye of the Storm,ONE OK ROCK,4d224c85483b4c4381c7121c3973a84f,2024-10-31T06:09:26Z,,a85f3d753d724383a9c4bbef5fac3749,No
spotify:track:5oQcOu1omDykbIPSdSQQNJ,1985,A Hangover You Don't Deserve,Bowling For Soup,2d61cf2460f14956924abf603b37f9e7,2024-11-03T02:39:07Z,,a85f3d753d724383a9c4bbef5fac3749,Yes
spotify:track:6akIg86zMI54PSMOvVMTb9,she knows it,SUCKERPUNCH,Maggie Lindemann,2d61cf2460f14956924abf603b37f9e7,2024-11-03T02:39:07Z,,a85f3d753d724383a9c4bbef5fac3749,Yes
spotify:track:6e13443Ve7RGcAUScTgYtl,The Last Of The Real Ones,MANIA,Fall Out Boy,5386dc3d7c61409e91f87bb5c0593d59,2024-11-01T05:06:16Z,,a85f3d753d724383a9c4bbef5fac3749,Yes
spotify:track:6SpLc7EXZIPpy0sVko0aoU,Misery Business,Riot!,Paramore,64960925d3654633a3c3cc71a78cd073,2024-10-31T03:02:05Z,,a85f3d753d724383a9c4bbef5fac3749,Yes
spotify:track:6tNgRQ0K2NYZ0Rb9l9DzL8,obsessed,GUTS (spilled),Olivia Rodrigo,64960925d3654633a3c3cc71a78cd073,2024-10-31T03:02:05Z,,a85f3d753d724383a9c4bbef5fac3749,Yes
spotify:track:07GvNcU1WdyZJq3XxP0kZa,Go Your Own Way - 2004 Remaster,Rumours,Fleetwood Mac,0067913c8633447f84a29db3863f4ae0,2024-11-13T06:02:32Z,,6c6690db3cb34be0addb5ad8a2eb1915,Yes
spotify:track:0FS7B5o3QyvOD8eWjnbLoO,Run Away With Me,Emotion (Deluxe Expanded Edition),Carly Rae Jepsen,468c128145794cb29114433b56f00c75,2024-11-12T18:18:40Z,,6c6690db3cb34be0addb5ad8a2eb1915,Yes
spotify:track:15VRO9CQwMpbqUYA7e6Hwg,The Man Who Sold The World - Live,MTV Unplugged In New York,Nirvana,0067913c8633447f84a29db3863f4ae0,2024-11-13T06:02:32Z,,6c6690db3cb34be0addb5ad8a2eb1915,Yes
spotify:track:1fDFHXcykq4iw8Gg7s5hG9,About You,Being Funny In A Foreign Language,The 1975,468c128145794cb29114433b56f00c75,2024-11-12T18:18:40Z,,6c6690db3cb34be0addb5ad8a2eb1915,Yes
spotify:track:1iGNZerzZHm2GLu7k1OS3J,Virtual Angel,<Dall>,ARTMS,fb5a064490e94e9ea947db8cde7bc9f3,2024-11-09T06:35:59Z,,6c6690db3cb34be0addb5ad8a2eb1915,Yes
spotify:track:1mea3bSkSGXuIRvnydlB5b,Viva La Vida,Viva La Vida or Death and All His Friends,Coldplay,5386dc3d7c61409e91f87bb5c0593d59,2024-11-09T01:20:11Z,,6c6690db3cb34be0addb5ad8a2eb1915,Yes
spotify:track:2fuYa3Lx06QQJAm0MjztKr,Let Down,OK Computer,Radiohead,468c128145794cb29114433b56f00c75,2024-11-12T18:18:40Z,,6c6690db3cb34be0addb5ad8a2eb1915,Yes
spotify:track:3gbBpTdY8lnQwqxNCcf795,Pompeii,Bad Blood,Bastille,64960925d3654633a3c3cc71a78cd073,2024-11-09T00:51:36Z,,6c6690db3cb34be0addb5ad8a2eb1915,Yes
spotify:track:3tNa8xKl7HWeXHFYNnttvD,Check,Check,FLO,fb5a064490e94e9ea947db8cde7bc9f3,2024-11-09T06:35:59Z,,6c6690db3cb34be0addb5ad8a2eb1915,Yes
spotify:track:3vkQ5DAB1qQMYO4Mr9zJN6,Gimme! Gimme! Gimme! (A Man After Midnight),Voulez-Vous,ABBA,5386dc3d7c61409e91f87bb5c0593d59,2024-11-09T01:20:11Z,,6c6690db3cb34be0addb5ad8a2eb1915,Yes
spotify:track:3zyqphgXvgHe436IMKeey3,Paprika,Jubilee,Japanese Breakfast,4d224c85483b4c4381c7121c3973a84f,2024-11-13T04:27:07Z,,6c6690db3cb34be0addb5ad8a2eb1915,No
spotify:track:4OdhffpvG3HxDJMxYOKh97,I Ran (So Far Away),A Flock Of Seagulls,A Flock Of Seagulls,4d224c85483b4c4381c7121c3973a84f,2024-11-13T04:27:07Z,,6c6690db3cb34be0addb5ad8a2eb1915,No
spotify:track:5RtsmtLsEnwa96TEf56tJQ,GIRI GIRI,GIRI GIRI,"Masayuki Suzuki, „Åô„ÅÖ",5386dc3d7c61409e91f87bb5c0593d59,2024-11-09T01:20:11Z,,6c6690db3cb34be0addb5ad8a2eb1915,Yes
spotify:track:5XJEdVQ5jl3C3dFsV7kCTZ,Kingdom Come,Perfect Velvet - The 2nd Album,Red Velvet,fb5a064490e94e9ea947db8cde7bc9f3,2024-11-09T06:35:59Z,,6c6690db3cb34be0addb5ad8a2eb1915,Yes
spotify:track:63HOZZQ8O8AI4fYLu2Ekmc,The Bamboo Princess,Galapagos,WEDNESDAY CAMPANELLA,4d224c85483b4c4381c7121c3973a84f,2024-11-13T04:27:07Z,"IDK if it counts but it's a banger 
",6c6690db3cb34be0addb5ad8a2eb1915,Yes
spotify:track:6H3kDe7CGoWYBabAeVWGiD,Gimme Shelter,Let It Bleed,The Rolling Stones,0067913c8633447f84a29db3863f4ae0,2024-11-13T06:02:32Z,,6c6690db3cb34be0addb5ad8a2eb1915,Yes
spotify:track:6VojZJpMyuKClbwyilWlQj,Wouldn't It Be Nice,Greatest Hits,The Beach Boys,64960925d3654633a3c3cc71a78cd073,2024-11-09T00:51:36Z,,6c6690db3cb34be0addb5ad8a2eb1915,Yes
spotify:track:7DciyLZWipMv860LBeupmK,Love Never Felt So Good (Original Version),XSCAPE,Michael Jackson,64960925d3654633a3c3cc71a78cd073,2024-11-09T00:51:36Z,,6c6690db3cb34be0addb5ad8a2eb1915,Yes
spotify:track:0b9oOr2ZgvyQu88wzixux9,This Is America,This Is America,Childish Gambino,64960925d3654633a3c3cc71a78cd073,2024-11-22T04:37:51Z,,a96f034b8287482cb35dbf551b43b755,Yes
spotify:track:0D0NwBMfJPoh1sZ61p5Fot,A Change Is Gonna Come,Ain't That Good News,Sam Cooke,468c128145794cb29114433b56f00c75,2024-11-25T01:54:10Z,,a96f034b8287482cb35dbf551b43b755,Yes
spotify:track:0yrCblXgIHbyMGySvvMuwV,Christian Nationalist,20/20 Vision,Anti-Flag,4d224c85483b4c4381c7121c3973a84f,2024-11-22T20:17:00Z,,a96f034b8287482cb35dbf551b43b755,Yes
spotify:track:1vJImp4pLf2lEjr2DwiBdW,Now That The Buffalo's Gone,It's My Way,Buffy Sainte-Marie,d994f48c4cee4e7190129a4e23c37ba4,2024-11-25T00:16:16Z,"A poignant commentary on land theft, broken treaties, and the destruction of indigenous life. Sung by an indigenous American artist",a96f034b8287482cb35dbf551b43b755,No
spotify:track:2HoqbEOXgbDSLZ5XCePEXt,Hit the Road Jack,Soul,Ray Charles,5386dc3d7c61409e91f87bb5c0593d59,2024-11-22T04:39:24Z,,a96f034b8287482cb35dbf551b43b755,Yes
spotify:track:2VPGmrcBw5X4yAu3B8UZNE,Born To Be Wild,Born To Be Wild (Best Of....),Steppenwolf,5386dc3d7c61409e91f87bb5c0593d59,2024-11-22T04:39:24Z,,a96f034b8287482cb35dbf551b43b755,Yes
spotify:track:34x6hEJgGAOQvmlMql5Ige,"Danger Zone - From ""Top Gun"" Original Soundtrack","Yesterday, Today, Tomorrow - The Greatest Hits Of Kenny Loggins",Kenny Loggins,64960925d3654633a3c3cc71a78cd073,2024-11-22T04:37:51Z,,a96f034b8287482cb35dbf551b43b755,Yes
spotify:track:3XcwU9EWnxMJ9NH5OhEuVl,New York City,Who's Feeling Young Now?,Punch Brothers,468c128145794cb29114433b56f00c75,2024-11-25T01:54:10Z,,a96f034b8287482cb35dbf551b43b755,Yes
spotify:track:4aQ8mFkZU6dmHaZOOKdscc,Ripple - 2020 Remaster,American Beauty (50th Anniversary Deluxe Edition),Grateful Dead,4d224c85483b4c4381c7121c3973a84f,2024-11-22T20:17:00Z,I love this song,a96f034b8287482cb35dbf551b43b755,Yes
spotify:track:4BP3uh0hFLFRb5cjsgLqDh,Fortunate Son,Willy And The Poor Boys (Expanded Edition),Creedence Clearwater Revival,64960925d3654633a3c3cc71a78cd073,2024-11-22T04:37:51Z,,a96f034b8287482cb35dbf551b43b755,Yes
spotify:track:4gphxUgq0JSFv2BCLhNDiE,Jailhouse Rock,Elvis' Golden Records,Elvis Presley,5386dc3d7c61409e91f87bb5c0593d59,2024-11-22T04:39:24Z,"The original before Elvis did it, American in so many ways.",a96f034b8287482cb35dbf551b43b755,Yes
spotify:track:4ltqfN12ohaVZdM6C45gMg,American Teenager,Preacher‚Äôs Daughter,Ethel Cain,468c128145794cb29114433b56f00c75,2024-11-25T01:54:10Z,,a96f034b8287482cb35dbf551b43b755,Yes
spotify:track:5n8Aro6j1bEGIy7Tpo7FV7,Fuck Tha Police,Straight Outta Compton,N.W.A.,d994f48c4cee4e7190129a4e23c37ba4,2024-11-25T00:16:16Z,,a96f034b8287482cb35dbf551b43b755,No
spotify:track:7HGnI563sFPZjUf54OiLU0,Bury My Heart At Wounded Knee,Up Where We Belong,Buffy Sainte-Marie,d994f48c4cee4e7190129a4e23c37ba4,2024-11-25T00:16:16Z,"A song that explicitly critiques the colonial violence and systematic oppression of Native Americans, referencing the Wounded Knee massacre. ",a96f034b8287482cb35dbf551b43b755,No
spotify:track:7w87IxuO7BDcJ3YUqCyMTT,Pumped Up Kicks,Torches,Foster The People,4d224c85483b4c4381c7121c3973a84f,2024-11-22T20:17:00Z,,a96f034b8287482cb35dbf551b43b755,Yes
spotify:track:0gchQwxmBWj5no8NJ8b2yH,Sleepwalking,Sempiternal (Expanded Edition),Bring Me The Horizon,4d224c85483b4c4381c7121c3973a84f,2024-12-06T04:42:08Z,,fca19d75fef74a959736e0b00dd21427,No
spotify:track:0juwzpu354078dcKpR5p0w,Untitled #8 - Popplagi√∞,( ),Sigur R√≥s,468c128145794cb29114433b56f00c75,2024-12-06T03:20:09Z,,fca19d75fef74a959736e0b00dd21427,Yes
spotify:track:0JzQSYx0CDmMwLg1a7TN74,Chokehold,Vore,Sleep Token,d994f48c4cee4e7190129a4e23c37ba4,2024-12-06T21:36:57Z,,fca19d75fef74a959736e0b00dd21427,No
spotify:track:0Xfkeu82ju4uni0CH2z9XN,b i g f e e l i n g s,b i g f e e l i n g s,WILLOW,2d61cf2460f14956924abf603b37f9e7,2024-12-07T03:32:21Z,,fca19d75fef74a959736e0b00dd21427,Yes
spotify:track:2r1yo1u0PHegpetacdrHh2,Ready To Fall,The Sufferer & The Witness,Rise Against,4d224c85483b4c4381c7121c3973a84f,2024-12-06T04:42:08Z,,fca19d75fef74a959736e0b00dd21427,No
spotify:track:3cjvqsvvU80g7WJPMVh8iq,Genesis,Visions,Grimes,2d61cf2460f14956924abf603b37f9e7,2024-12-07T03:32:21Z,,fca19d75fef74a959736e0b00dd21427,Yes
spotify:track:3IT2AP0SuXSBliYDiwCrK1,"You're Not Gone, You're Just Dead!","You're Not Gone, You're Just Dead!",VIOLENT VIRA,d994f48c4cee4e7190129a4e23c37ba4,2024-12-06T21:36:57Z,,fca19d75fef74a959736e0b00dd21427,No
spotify:track:3p1XieTGbODd1PCYUrcH1Q,Forever Lost,"All Is Violent, All Is Bright (2011 Remastered Edition)",God Is An Astronaut,468c128145794cb29114433b56f00c75,2024-12-06T03:20:09Z,,fca19d75fef74a959736e0b00dd21427,Yes
spotify:track:5N6zAExePGdU5s10LAoqMb,Falling Through the Sky,Falling Through the Sky,Fit For A King,0067913c8633447f84a29db3863f4ae0,2024-12-07T01:25:52Z,,fca19d75fef74a959736e0b00dd21427,Yes
spotify:track:5OQsiBsky2k2kDKy2bX2eT,Learn to Fly,There Is Nothing Left To Lose,Foo Fighters,0067913c8633447f84a29db3863f4ae0,2024-12-07T01:25:52Z,,fca19d75fef74a959736e0b00dd21427,Yes
spotify:track:0S38Oso3I9vpDXcTb7kYt9,The Summoning,Take Me Back To Eden,Sleep Token,d994f48c4cee4e7190129a4e23c37ba4,2024-12-14T06:19:18Z,,f89b048db55f4281ac53f2d2690f7392,No
spotify:track:0yc6Gst2xkRu0eMLeRMGCX,Apocalypse,Cigarettes After Sex,Cigarettes After Sex,d994f48c4cee4e7190129a4e23c37ba4,2024-12-14T06:19:18Z,,f89b048db55f4281ac53f2d2690f7392,No
spotify:track:22oQPSvQ7WHaBKKBcPaiRR,Glowing,Glowing,alayna,5386dc3d7c61409e91f87bb5c0593d59,2024-12-17T02:27:09Z,,f89b048db55f4281ac53f2d2690f7392,Yes
spotify:track:2qhASBzpbFhPRtrnZ5lLnz,Unchained Melody,Just Once In My Life,The Righteous Brothers,4d224c85483b4c4381c7121c3973a84f,2024-12-14T06:23:29Z,The movie Ghost,f89b048db55f4281ac53f2d2690f7392,No
spotify:track:2v7EYRJaqHg29z1jnx59yI,Hope (feat. Naomi Wild),Hope (feat. Naomi Wild),"Tim Legend, Naomi Wild",64960925d3654633a3c3cc71a78cd073,2024-12-17T02:08:24Z,,f89b048db55f4281ac53f2d2690f7392,Yes
spotify:track:31dgrKXIJ7FCxlENs8uxuo,Show Me Love (feat. Miguel),ALICIA,"Alicia Keys, Miguel",64960925d3654633a3c3cc71a78cd073,2024-12-17T02:08:24Z,,f89b048db55f4281ac53f2d2690f7392,Yes
spotify:track:5kK1Iru9ogP3Iy1zsANU1n,The Power of Love,The Colour Of My Love,C√©line Dion,4d224c85483b4c4381c7121c3973a84f,2024-12-14T06:23:29Z,Time life ultimate love songs collection,f89b048db55f4281ac53f2d2690f7392,No
spotify:track:7GR2ZDBAdqiRPeuoRc6nnX,Do It For Me,Do It For Me,Rosenfeld,5386dc3d7c61409e91f87bb5c0593d59,2024-12-17T02:27:09Z,,f89b048db55f4281ac53f2d2690f7392,Yes
